feature,slice_value,support,base_error_rate,lens_error_rate,delta_error
stats.cuts_per_30s,"(-0.001, 0.581]",150,0.15333333333333332,0.15333333333333332,0.0
stats.cuts_per_30s,"(0.581, 2.848]",74,0.22972972972972974,0.22972972972972974,0.0
stats.cuts_per_30s,"(2.848, 15.569]",75,0.21333333333333335,0.21333333333333335,0.0
