feature,slice_value,support,base_error_rate,lens_error_rate,delta_error
stats.lighting.v_mean,"(0.02, 0.251]",75,0.26666666666666666,0.24,-0.026666666666666672
stats.lighting.v_mean,"(0.251, 0.383]",75,0.09333333333333334,0.10666666666666667,0.013333333333333336
stats.lighting.v_mean,"(0.383, 0.498]",74,0.21621621621621623,0.21621621621621623,0.0
stats.lighting.v_mean,"(0.498, 0.794]",75,0.17333333333333334,0.18666666666666668,0.013333333333333336
