feature,slice_value,support,base_error_rate,lens_error_rate,delta_error
stats.movement_counts.dolly_in,"(-0.001, 1.0]",246,0.17073170731707318,0.17886178861788618,0.008130081300812997
stats.movement_counts.dolly_in,"(1.0, 14.0]",53,0.2641509433962264,0.22641509433962265,-0.037735849056603765
