feature,slice_value,support,base_error_rate,lens_error_rate,delta_error
stats.avg_shot_len_sec,"(1.8530000000000002, 7.592]",75,0.21333333333333335,0.2,-0.013333333333333336
stats.avg_shot_len_sec,"(7.592, 18.233]",75,0.22666666666666666,0.24,0.013333333333333336
stats.avg_shot_len_sec,"(18.233, 38.296]",74,0.16216216216216217,0.12162162162162163,-0.04054054054054054
stats.avg_shot_len_sec,"(38.296, 163.817]",75,0.14666666666666667,0.18666666666666668,0.04000000000000001
