feature,slice_value,support,base_error_rate,lens_error_rate,delta_error
stats.movement_counts.dolly_out,"(-0.001, 1.0]",269,0.1895910780669145,0.19330855018587362,0.0037174721189591198
stats.movement_counts.dolly_out,"(1.0, 15.0]",30,0.16666666666666666,0.13333333333333333,-0.033333333333333326
