feature,slice_value,support,base_error_rate,lens_error_rate,delta_error
stats.lighting.s_mean,"(0.001, 0.175]",76,0.21052631578947367,0.18421052631578946,-0.02631578947368421
stats.lighting.s_mean,"(0.175, 0.291]",74,0.14864864864864866,0.16216216216216217,0.013513513513513514
stats.lighting.s_mean,"(0.291, 0.402]",74,0.1891891891891892,0.1891891891891892,0.0
stats.lighting.s_mean,"(0.402, 0.912]",75,0.2,0.21333333333333335,0.013333333333333336
