feature,slice_value,support,base_error_rate,lens_error_rate,delta_error
stats.lighting.v_std,"(0.06, 0.227]",77,0.2077922077922078,0.19480519480519481,-0.012987012987012991
stats.lighting.v_std,"(0.227, 0.267]",73,0.1917808219178082,0.1917808219178082,0.0
stats.lighting.v_std,"(0.267, 0.326]",78,0.1794871794871795,0.1794871794871795,0.0
stats.lighting.v_std,"(0.326, 0.486]",71,0.16901408450704225,0.18309859154929578,0.01408450704225353
