model,auc,f1,recall,precision,acc
baseline,0.8038888888888889,0.7333333333333333,0.7777777777777778,0.6936936936936937,0.8127090301003345
baseline+lenslang,0.8013383838383838,0.7307692307692307,0.7676767676767676,0.6972477064220184,0.8127090301003345
