label×editing_rhythm,support,base_error_rate,lens_error_rate,delta_error
0×fast,16,0.25,0.25,0.0
0×moderate,23,0.08695652173913043,0.08695652173913043,0.0
0×slow,155,0.15483870967741936,0.14838709677419354,-0.006451612903225823
0×very_fast,6,0.6666666666666666,0.6666666666666666,0.0
1×fast,6,0.5,0.3333333333333333,-0.16666666666666669
1×moderate,7,0.14285714285714285,0.42857142857142855,0.2857142857142857
1×slow,71,0.23943661971830985,0.2535211267605634,0.01408450704225353
1×very_fast,15,0.06666666666666667,0.0,-0.06666666666666667
