cuts_bin,support,base_error_rate,lens_error_rate,delta_error
low,259,0.17374517374517376,0.18146718146718147,0.007722007722007707
mid,29,0.3448275862068966,0.3103448275862069,-0.03448275862068967
high,11,0.09090909090909091,0.0,-0.09090909090909091
