label,pred_base,count,cell_type,proportion
0,0,166,TN,0.5551839464882943
0,1,34,FP,0.11371237458193979
1,0,22,FN,0.07357859531772576
1,1,77,TP,0.25752508361204013
