editing_rhythm,support,base_error_rate,lens_error_rate,delta_error
fast,22,0.3181818181818182,0.2727272727272727,-0.04545454545454547
moderate,30,0.1,0.16666666666666666,0.06666666666666665
slow,226,0.18141592920353983,0.18141592920353983,0.0
very_fast,21,0.23809523809523808,0.19047619047619047,-0.047619047619047616
