color_tone,support,base_error_rate,lens_error_rate,delta_error
cool_tone,63,0.14285714285714285,0.14285714285714285,0.0
warm_tone,236,0.19915254237288135,0.19915254237288135,0.0
