group,field,kind,value,sv_pct,tt_pct,pct_diff,psi_total
analysis,analysis.video_analysis.overall_style,categorical_multilabel,documentary_style,0.36976506639427986,0.3627737226277372,-0.006991343766542646,0.005571343540453832
analysis,analysis.video_analysis.overall_style,categorical_multilabel,narrative_style,0.3683350357507661,0.36186131386861314,-0.00647372188215295,0.005571343540453832
analysis,analysis.video_analysis.overall_style,categorical_multilabel,warm_mood,0.2610827374872319,0.27445255474452557,0.013369817257293692,0.005571343540453832
analysis,analysis.video_analysis.overall_style,categorical_multilabel,cinematic_style,0.0006128702757916241,0.000364963503649635,-0.00024790677214198907,0.005571343540453832
analysis,analysis.video_analysis.overall_style,categorical_multilabel,tense_mood,0.00020429009193054137,0.0,-0.00020429009193054137,0.005571343540453832
analysis,analysis.video_analysis.overall_style,categorical_multilabel,solemn_mood,0.0,0.0005474452554744526,0.0005474452554744526,0.005571343540453832
