section,sv_missing_rate,tt_missing_rate,sv_n,sv_mean,sv_std,sv_min,sv_p01,sv_p05,sv_p25,sv_p50,sv_p75,sv_p95,sv_p99,sv_max,tt_n,tt_mean,tt_std,tt_min,tt_p01,tt_p05,tt_p25,tt_p50,tt_p75,tt_p95,tt_p99,tt_max,ks_stat,wasserstein,group,field,kind,psi,bins,winsor_lo,winsor_hi,plot_range_lo,plot_range_hi,bin_left,bin_right,sv_pct,tt_pct,pct_diff
summary,0.0,0.0,3624.0,5.113686534216336,8.626720021537459,1.0,1.0,1.0,1.0,2.0,5.0,19.0,47.76999999999998,140.0,1991.0,4.1089904570567555,6.214698357599596,1.0,1.0,1.0,1.0,2.0,4.0,16.0,34.09999999999991,53.0,0.13304614141118476,1.00469607715958,stats,stats.num_shots,numeric_scalar,0.07941126267006593,10.0,0.01,0.99,1.0,47.76999999999998,,,,,
bin,,,,,,,,,,,,,,,,,,,,,,,,,,,,,,,,,,,,,,1.0,2.0,0.33857615894039733,0.47162230035158215,0.13304614141118482
bin,,,,,,,,,,,,,,,,,,,,,,,,,,,,,,,,,,,,,,2.0,3.0,0.173841059602649,0.14163736815670516,-0.032203691445943844
bin,,,,,,,,,,,,,,,,,,,,,,,,,,,,,,,,,,,,,,3.0,4.0,0.12251655629139073,0.09090909090909091,-0.03160746538229982
bin,,,,,,,,,,,,,,,,,,,,,,,,,,,,,,,,,,,,,,4.0,6.0,0.1371412803532009,0.10195881466599699,-0.0351824656872039
bin,,,,,,,,,,,,,,,,,,,,,,,,,,,,,,,,,,,,,,6.0,11.0,0.12417218543046357,0.0934203917629332,-0.030751793667530378
bin,,,,,,,,,,,,,,,,,,,,,,,,,,,,,,,,,,,,,,11.0,47.76999999999998,0.10375275938189846,0.10045203415369161,-0.0033007252282068467
