section,sv_missing_rate,tt_missing_rate,sv_n,sv_mean,sv_std,sv_min,sv_p01,sv_p05,sv_p25,sv_p50,sv_p75,sv_p95,sv_p99,sv_max,tt_n,tt_mean,tt_std,tt_min,tt_p01,tt_p05,tt_p25,tt_p50,tt_p75,tt_p95,tt_p99,tt_max,ks_stat,wasserstein,group,field,kind,psi,bins,winsor_lo,winsor_hi,plot_range_lo,plot_range_hi,bin_left,bin_right,sv_pct,tt_pct,pct_diff
summary,0.0,0.0,3624.0,3.531703918322296,4.8482602873428435,0.0,0.0,0.0,0.0,2.089,5.2524999999999995,11.892649999999998,21.9138,47.872,1991.0,2.183008538422903,4.349742141618396,0.0,0.0,0.0,0.0,0.476,2.7045,9.379000000000001,19.4792,54.982,0.2096509347250264,1.368540697626072,stats,stats.cuts_per_30s,numeric_scalar,0.19225306066491887,10.0,0.01,0.99,0.0,21.9138,,,,,
bin,,,,,,,,,,,,,,,,,,,,,,,,,,,,,,,,,,,,,,0.0,0.9666000000000001,0.4001103752759382,0.5660472124560523,0.1659368371801141
bin,,,,,,,,,,,,,,,,,,,,,,,,,,,,,,,,,,,,,,0.9666000000000001,2.089,0.0998896247240618,0.13862380713209443,0.03873418240803263
bin,,,,,,,,,,,,,,,,,,,,,,,,,,,,,,,,,,,,,,2.089,3.114,0.09823399558498896,0.07031642390758412,-0.027917571677404843
bin,,,,,,,,,,,,,,,,,,,,,,,,,,,,,,,,,,,,,,3.114,4.451,0.10154525386313466,0.07282772476142642,-0.028717529101708245
bin,,,,,,,,,,,,,,,,,,,,,,,,,,,,,,,,,,,,,,4.451,6.1610000000000005,0.10016556291390728,0.053239578101456554,-0.04692598481245073
bin,,,,,,,,,,,,,,,,,,,,,,,,,,,,,,,,,,,,,,6.1610000000000005,8.929,0.09961368653421633,0.043194374686087396,-0.056419311848128935
bin,,,,,,,,,,,,,,,,,,,,,,,,,,,,,,,,,,,,,,8.929,21.9138,0.10044150110375276,0.055750878955298844,-0.044690622148453915
