section,sv_missing_rate,tt_missing_rate,sv_n,sv_mean,sv_std,sv_min,sv_p01,sv_p05,sv_p25,sv_p50,sv_p75,sv_p95,sv_p99,sv_max,tt_n,tt_mean,tt_std,tt_min,tt_p01,tt_p05,tt_p25,tt_p50,tt_p75,tt_p95,tt_p99,tt_max,ks_stat,wasserstein,group,field,kind,psi,bins,winsor_lo,winsor_hi,plot_range_lo,plot_range_hi,bin_left,bin_right,sv_pct,tt_pct,pct_diff
summary,0.0,0.0,3624.0,2.410596026490066,4.412349501294477,0.0,0.0,0.0,0.0,1.0,3.0,9.0,21.0,83.0,1991.0,1.6916122551481667,3.4602318393497438,0.0,0.0,0.0,0.0,1.0,2.0,7.0,16.0,51.0,0.16656286068766402,0.718983771341899,stats,stats.movement_counts.static_shot,numeric_scalar,0.13856031711598468,10.0,0.01,0.99,0.0,21.0,,,,,
bin,,,,,,,,,,,,,,,,,,,,,,,,,,,,,,,,,,,,,,0.0,1.0,0.2792494481236203,0.3842290306378704,0.1049795825142501
bin,,,,,,,,,,,,,,,,,,,,,,,,,,,,,,,,,,,,,,1.0,2.0,0.3010485651214128,0.36263184329482673,0.06158327817341391
bin,,,,,,,,,,,,,,,,,,,,,,,,,,,,,,,,,,,,,,2.0,3.0,0.1467991169977925,0.09492717227523857,-0.05187194472255392
bin,,,,,,,,,,,,,,,,,,,,,,,,,,,,,,,,,,,,,,3.0,5.0,0.14652317880794702,0.06931190356604722,-0.0772112752418998
bin,,,,,,,,,,,,,,,,,,,,,,,,,,,,,,,,,,,,,,5.0,21.0,0.12637969094922738,0.08890005022601707,-0.037479640723210306
