section,sv_missing_rate,tt_missing_rate,sv_n,sv_mean,sv_std,sv_min,sv_p01,sv_p05,sv_p25,sv_p50,sv_p75,sv_p95,sv_p99,sv_max,tt_n,tt_mean,tt_std,tt_min,tt_p01,tt_p05,tt_p25,tt_p50,tt_p75,tt_p95,tt_p99,tt_max,ks_stat,wasserstein,group,field,kind,psi,bins,winsor_lo,winsor_hi,plot_range_lo,plot_range_hi,bin_left,bin_right,sv_pct,tt_pct,pct_diff
summary,0.0,0.0,3624.0,0.7350993377483444,1.874490023673548,0.0,0.0,0.0,0.0,0.0,1.0,4.0,9.0,41.0,1991.0,0.6072325464590658,1.6384468903880574,0.0,0.0,0.0,0.0,0.0,1.0,3.0,8.099999999999909,27.0,0.03055402179565218,0.13154365727451267,stats,stats.movement_counts.pan_horizontal,numeric_scalar,0.007892142664796075,10.0,0.01,0.99,0.0,9.0,,,,,
bin,,,,,,,,,,,,,,,,,,,,,,,,,,,,,,,,,,,,,,0.0,1.0,0.6741169977924945,0.7046710195881467,0.030554021795652253
bin,,,,,,,,,,,,,,,,,,,,,,,,,,,,,,,,,,,,,,1.0,2.0,0.19205298013245034,0.18935208437970869,-0.0027008957527416555
bin,,,,,,,,,,,,,,,,,,,,,,,,,,,,,,,,,,,,,,2.0,9.0,0.13383002207505518,0.10597689603214465,-0.027853126042910528
