section,sv_missing_rate,tt_missing_rate,sv_n,sv_mean,sv_std,sv_min,sv_p01,sv_p05,sv_p25,sv_p50,sv_p75,sv_p95,sv_p99,sv_max,tt_n,tt_mean,tt_std,tt_min,tt_p01,tt_p05,tt_p25,tt_p50,tt_p75,tt_p95,tt_p99,tt_max,ks_stat,wasserstein,group,field,kind,psi,bins,winsor_lo,winsor_hi,plot_range_lo,plot_range_hi,bin_left,bin_right,sv_pct,tt_pct,pct_diff
summary,0.0,0.0,3624.0,0.6578366445916115,1.742986374275149,0.0,0.0,0.0,0.0,0.0,1.0,3.0,8.769999999999982,21.0,1991.0,0.6067302862882974,1.492164334746805,0.0,0.0,0.0,0.0,0.0,1.0,3.0,7.0,18.0,0.03145584490028528,0.08676294983052857,stats,stats.movement_counts.dolly_in,numeric_scalar,0.011591078487755094,10.0,0.01,0.99,0.0,8.769999999999982,,,,,
bin,,,,,,,,,,,,,,,,,,,,,,,,,,,,,,,,,,,,,,0.0,1.0,0.6948123620309051,0.7262682069311903,0.03145584490028519
bin,,,,,,,,,,,,,,,,,,,,,,,,,,,,,,,,,,,,,,1.0,2.0,0.1915011037527594,0.1511803114013059,-0.0403207923514535
bin,,,,,,,,,,,,,,,,,,,,,,,,,,,,,,,,,,,,,,2.0,8.769999999999982,0.11368653421633554,0.12255148166750376,0.008864947451168226
