feature,slice_value,support,base_error_rate,lens_error_rate,delta_error
stats.cuts_per_30s,"(-0.001, 1.78]",271,0.12915129151291513,0.13653136531365315,0.0073800738007380184
stats.cuts_per_30s,"(1.78, 5.064]",135,0.21481481481481482,0.2074074074074074,-0.007407407407407418
stats.cuts_per_30s,"(5.064, 42.308]",136,0.16176470588235295,0.1323529411764706,-0.02941176470588236
