feature,slice_value,support,base_error_rate,lens_error_rate,delta_error
stats.movement_counts.pan_horizontal,"(-0.001, 1.0]",455,0.15604395604395604,0.15164835164835164,-0.004395604395604408
stats.movement_counts.pan_horizontal,"(1.0, 41.0]",87,0.1724137931034483,0.16091954022988506,-0.011494252873563232
