feature,slice_value,support,base_error_rate,lens_error_rate,delta_error
stats.avg_shot_len_sec,"(0.612, 4.331]",136,0.14705882352941177,0.11764705882352941,-0.02941176470588236
stats.avg_shot_len_sec,"(4.331, 8.884]",135,0.2074074074074074,0.2,-0.00740740740740739
stats.avg_shot_len_sec,"(8.884, 23.025]",135,0.2074074074074074,0.22962962962962963,0.022222222222222227
stats.avg_shot_len_sec,"(23.025, 265.165]",136,0.07352941176470588,0.0661764705882353,-0.00735294117647059
