feature,slice_value,support,base_error_rate,lens_error_rate,delta_error
stats.movement_counts.dolly_in,"(-0.001, 1.0]",484,0.15702479338842976,0.14669421487603307,-0.010330578512396688
stats.movement_counts.dolly_in,"(1.0, 21.0]",58,0.1724137931034483,0.20689655172413793,0.03448275862068964
