feature,slice_value,support,base_error_rate,lens_error_rate,delta_error
stats.movement_counts.tilt_vertical,"(-0.001, 1.0]",476,0.15756302521008403,0.15336134453781514,-0.004201680672268893
stats.movement_counts.tilt_vertical,"(1.0, 34.0]",66,0.16666666666666666,0.15151515151515152,-0.015151515151515138
