feature,slice_value,support,base_error_rate,lens_error_rate,delta_error
stats.movement_counts.static_shot,"(-0.001, 1.0]",291,0.16494845360824742,0.1718213058419244,0.006872852233676979
stats.movement_counts.static_shot,"(1.0, 3.0]",125,0.136,0.128,-0.008000000000000007
stats.movement_counts.static_shot,"(3.0, 64.0]",126,0.16666666666666666,0.1349206349206349,-0.031746031746031744
