feature,slice_value,support,base_error_rate,lens_error_rate,delta_error
stats.lighting.s_mean,"(-0.001, 0.168]",137,0.10218978102189781,0.10948905109489052,0.007299270072992706
stats.lighting.s_mean,"(0.168, 0.27]",134,0.17164179104477612,0.14925373134328357,-0.022388059701492546
stats.lighting.s_mean,"(0.27, 0.408]",135,0.18518518518518517,0.18518518518518517,0.0
stats.lighting.s_mean,"(0.408, 0.915]",136,0.17647058823529413,0.16911764705882354,-0.00735294117647059
