feature,slice_value,support,base_error_rate,lens_error_rate,delta_error
stats.lighting.v_std,"(-0.001, 0.209]",140,0.18571428571428572,0.16428571428571428,-0.021428571428571436
stats.lighting.v_std,"(0.209, 0.256]",132,0.16666666666666666,0.15151515151515152,-0.015151515151515138
stats.lighting.v_std,"(0.256, 0.297]",134,0.1044776119402985,0.11194029850746269,0.007462686567164187
stats.lighting.v_std,"(0.297, 0.468]",136,0.17647058823529413,0.18382352941176472,0.00735294117647059
