feature,slice_value,support,base_error_rate,lens_error_rate,delta_error
stats.lighting.condition,bright_sunny,62,0.1774193548387097,0.12903225806451613,-0.04838709677419356
stats.lighting.condition,dim_low_light,210,0.11428571428571428,0.1380952380952381,0.023809523809523822
stats.lighting.condition,overcast_neutral,270,0.18888888888888888,0.17037037037037037,-0.018518518518518517
