feature,slice_value,support,base_error_rate,lens_error_rate,delta_error
stats.num_shots,"(0.999, 2.0]",282,0.15602836879432624,0.16312056737588654,0.007092198581560294
stats.num_shots,"(2.0, 6.0]",146,0.15753424657534246,0.14383561643835616,-0.0136986301369863
stats.num_shots,"(6.0, 140.0]",114,0.16666666666666666,0.14035087719298245,-0.02631578947368421
