feature,slice_value,support,base_error_rate,lens_error_rate,delta_error
stats.lighting.v_mean,"(-0.001, 0.368]",136,0.125,0.14705882352941177,0.02205882352941177
stats.lighting.v_mean,"(0.368, 0.51]",135,0.14814814814814814,0.14814814814814814,0.0
stats.lighting.v_mean,"(0.51, 0.618]",135,0.15555555555555556,0.1259259259259259,-0.029629629629629645
stats.lighting.v_mean,"(0.618, 1.0]",136,0.20588235294117646,0.19117647058823528,-0.01470588235294118
