cuts_bin,support,base_error_rate,lens_error_rate,delta_error
low,181,0.13259668508287292,0.13259668508287292,0.0
mid,180,0.17222222222222222,0.18888888888888888,0.016666666666666663
high,181,0.1712707182320442,0.13812154696132597,-0.03314917127071823
