label,pred_base,count,cell_type,proportion
0,0,167,TN,0.3081180811808118
0,1,71,FP,0.13099630996309963
1,0,15,FN,0.027675276752767528
1,1,289,TP,0.533210332103321
