color_tone,support,base_error_rate,lens_error_rate,delta_error
cool_tone,171,0.1111111111111111,0.13450292397660818,0.023391812865497075
warm_tone,371,0.18059299191374664,0.16172506738544473,-0.01886792452830191
