model,auc,f1,recall,precision,acc
baseline,0.8261692835028748,0.8704819277108434,0.9506578947368421,0.8027777777777778,0.8413284132841329
baseline+lenslang,0.8379450464396285,0.869701726844584,0.9111842105263158,0.8318318318318318,0.8468634686346863
